Top pages,Clicks,Impressions,CTR,Position
https://www.dryspacewaterproofing.ca/,23,11534,0.2%,63.84
https://www.dryspacewaterproofing.ca/contact.html,3,679,0.44%,84.14
https://dryspacewaterproofing.ca/guides/liquid-membrane-vs-dimple-mat-waterproofing/,3,307,0.98%,38.43
https://dryspacewaterproofing.ca/guides/toronto-building-code-basement-waterproofing,3,289,1.04%,8.65
https://dryspacewaterproofing.ca/,2,882,0.23%,66.79
https://dryspacewaterproofing.ca/guides/liquid-membrane-vs-dimple-mat-waterproofing,2,458,0.44%,41.97
https://dryspacewaterproofing.ca/guides/foundation-waterproofing-product-comparison/,2,92,2.17%,35.12
https://dryspacewaterproofing.ca/services/aqua-bloc-720-38-waterproofing-membrane/,2,71,2.82%,20.27
https://dryspacewaterproofing.ca/guides/waterproofing-concrete-block-walls,2,45,4.44%,29.56
https://dryspacewaterproofing.ca/services/crystalline-waterproofing-concrete/,2,31,6.45%,31.45
https://www.dryspacewaterproofing.ca/blog/basement-waterproofing-cost-factors.html,1,7497,0.01%,55.97
https://www.dryspacewaterproofing.ca/mississauga-waterproofing.html,1,7432,0.01%,65.69
https://www.dryspacewaterproofing.ca/markham-waterproofing.html,1,1298,0.08%,51.43
https://dryspacewaterproofing.ca/pricing/,1,428,0.23%,57.52
https://dryspacewaterproofing.ca/guides/toronto-basement-flooding-subsidy-program/,1,251,0.4%,24.57
https://www.dryspacewaterproofing.ca/toronto.html,1,222,0.45%,58.83
https://www.dryspacewaterproofing.ca/faq.html,1,206,0.49%,76.11
https://dryspacewaterproofing.ca/locations/pickering-basement-waterproofing/,1,176,0.57%,41.51
https://dryspacewaterproofing.ca/markham.html,1,156,0.64%,59.96
https://dryspacewaterproofing.ca/locations/markham-sump-pump-installation/,1,152,0.66%,39.01
https://dryspacewaterproofing.ca/locations/etobicoke-basement-waterproofing/,1,127,0.79%,64.78
https://dryspacewaterproofing.ca/locations/weeping-tile-oakville/,1,96,1.04%,40.18
https://dryspacewaterproofing.ca/services/foundation-repair-contractors/,1,83,1.2%,61.07
https://dryspacewaterproofing.ca/locations/scarborough-foundation-repair/,1,56,1.79%,36.2
https://dryspacewaterproofing.ca/services/emergency-waterproofing,1,50,2%,24.76
https://dryspacewaterproofing.ca/services/foundation-construction/,1,34,2.94%,46.47
https://dryspacewaterproofing.ca/guides/gta-soil-types-foundation-drainage,1,26,3.85%,9.96
https://dryspacewaterproofing.ca/blog/toronto-building-code-changes-2025.html,1,21,4.76%,14.57
https://dryspacewaterproofing.ca/guides/exterior-foundation-waterproofing-insulation-layering/,1,20,5%,24.05
https://dryspacewaterproofing.ca/services,1,16,6.25%,48.69
https://dryspacewaterproofing.ca/guides/icf-foundation-bedrock-waterproofing,1,15,6.67%,22.2
https://dryspacewaterproofing.ca/services/foundation-settlement-repair,1,10,10%,41.2
https://dryspacewaterproofing.ca/services/drain-tile-system/,1,10,10%,52.2
https://dryspacewaterproofing.ca/guides/basement-slab-vapor-barrier-placement/,1,9,11.11%,30.67
https://dryspacewaterproofing.ca/guides/double-sided-foundation-waterproofing-concerns,1,9,11.11%,71.78
https://dryspacewaterproofing.ca/services/basement-underpinning,0,4804,0%,71.51
https://www.dryspacewaterproofing.ca/brampton-waterproofing.html,0,3064,0%,55.14
https://www.dryspacewaterproofing.ca/backwater-valve-installation.html,0,1981,0%,76.96
https://www.dryspacewaterproofing.ca/foundation-crack-repair.html,0,1521,0%,73.74
https://www.dryspacewaterproofing.ca/interior-waterproofing.html,0,1253,0%,73.33
https://dryspacewaterproofing.ca/guides/how-to-fix-foundation-leak,0,925,0%,60.84
https://dryspacewaterproofing.ca/window-well-installation.html,0,812,0%,54.9
https://dryspacewaterproofing.ca/guides/toronto-basement-flooding-subsidy-program,0,805,0%,13.17
https://dryspacewaterproofing.ca/locations/markham-basement-waterproofing/,0,782,0%,56.02
https://dryspacewaterproofing.ca/basement-waterproofing/,0,721,0%,75
https://www.dryspacewaterproofing.ca/exterior-waterproofing.html,0,703,0%,70.6
https://dryspacewaterproofing.ca/services/basement-waterproofing-cost/,0,663,0%,58.48
https://dryspacewaterproofing.ca/basement-underpinning.html,0,606,0%,70.54
https://dryspacewaterproofing.ca/services/interior-waterproofing,0,605,0%,73.27
https://dryspacewaterproofing.ca/services/french-drain-systems,0,599,0%,61.39
https://www.dryspacewaterproofing.ca/drainage-systems.html,0,581,0%,79.23
https://dryspacewaterproofing.ca/services/exterior-waterproofing/,0,577,0%,66.8
https://dryspacewaterproofing.ca/locations/hamilton-foundation-repair/,0,529,0%,52.73
https://dryspacewaterproofing.ca/locations/hamilton-basement-waterproofing/,0,513,0%,68.81
https://dryspacewaterproofing.ca/locations/mississauga-basement-waterproofing/,0,501,0%,37.25
https://dryspacewaterproofing.ca/locations/mississauga-foundation-repair/,0,462,0%,38.54
https://dryspacewaterproofing.ca/services/foundation-repair-near-me/,0,408,0%,75.36
https://www.dryspacewaterproofing.ca/toronto-basement-underpinning.html,0,391,0%,59.82
https://dryspacewaterproofing.ca/locations/etobicoke-french-drain-installation/,0,378,0%,53.36
https://dryspacewaterproofing.ca/foundation-repair/,0,373,0%,67.89
https://dryspacewaterproofing.ca/locations/waterproofing-contractors-scarborough/,0,371,0%,52.8
https://dryspacewaterproofing.ca/services/cost-to-fix-leaky-basement/,0,353,0%,57.85
https://dryspacewaterproofing.ca/services/foundation-repair/,0,337,0%,64.13
https://dryspacewaterproofing.ca/services/basement-walkout/,0,334,0%,61.71
https://dryspacewaterproofing.ca/locations/oakville-foundation-repair/,0,328,0%,34.73
https://www.dryspacewaterproofing.ca/blog/basement-waterproofing-costs-toronto.html,0,317,0%,55.2
https://www.dryspacewaterproofing.ca/excavation-services.html,0,295,0%,72.17
https://dryspacewaterproofing.ca/services/interior-waterproofing/,0,292,0%,59.68
https://dryspacewaterproofing.ca/services/window-well-installation,0,290,0%,56.68
https://dryspacewaterproofing.ca/locations/toronto-foundation-repair/,0,287,0%,49.32
https://dryspacewaterproofing.ca/services/french-drain-systems/,0,284,0%,57.52
https://dryspacewaterproofing.ca/locations/foundation-repair-etobicoke/,0,277,0%,39.73
https://dryspacewaterproofing.ca/services/basement-leak-repair/,0,271,0%,73.41
https://dryspacewaterproofing.ca/guides/how-to-stop-water-coming-through-basement-walls,0,265,0%,75.35
https://dryspacewaterproofing.ca/locations/newmarket-sump-pump-installation/,0,258,0%,49.74
https://dryspacewaterproofing.ca/brampton.html,0,251,0%,68.14
https://dryspacewaterproofing.ca/locations/basement-renovations-scarborough/,0,233,0%,67.18
https://www.dryspacewaterproofing.ca/markham.html,0,232,0%,71.29
https://dryspacewaterproofing.ca/locations/vaughan-underpinning/,0,230,0%,35.06
https://dryspacewaterproofing.ca/services/foundation-crack-repair/,0,230,0%,46.44
https://www.dryspacewaterproofing.ca/crack-repair.html,0,230,0%,57.37
https://dryspacewaterproofing.ca/locations/oakville-basement-waterproofing/,0,226,0%,66.41
https://www.dryspacewaterproofing.ca/crawl-space-encapsulation.html,0,224,0%,53.77
https://dryspacewaterproofing.ca/locations/vaughan-basement-waterproofing/,0,218,0%,54.33
https://dryspacewaterproofing.ca/blog/basement-waterproofing-costs-toronto.html,0,216,0%,58.82
https://dryspacewaterproofing.ca/services/foundation-leak-repair/,0,216,0%,65.99
https://dryspacewaterproofing.ca/services/exterior-waterproofing,0,208,0%,66.95
https://dryspacewaterproofing.ca/toronto-sump-pump-rebate/,0,206,0%,42.64
https://dryspacewaterproofing.ca/guides/seasonal-foundation-maintenance/,0,205,0%,31.98
https://dryspacewaterproofing.ca/locations/,0,195,0%,85.51
https://dryspacewaterproofing.ca/locations/north-york-foundation-repair/,0,190,0%,46.82
https://dryspacewaterproofing.ca/locations/french-drain-installation-mississauga/,0,187,0%,45.4
https://dryspacewaterproofing.ca/locations/richmond-hill-foundation-repair/,0,185,0%,63.75
https://dryspacewaterproofing.ca/locations/ajax-basement-waterproofing/,0,181,0%,56.18
https://dryspacewaterproofing.ca/locations/etobicoke-sump-pump-installation/,0,177,0%,41.6
https://dryspacewaterproofing.ca/locations/newmarket-basement-waterproofing/,0,174,0%,61.15
https://dryspacewaterproofing.ca/services/basement-leak-repair-near-me/,0,172,0%,70.58
https://dryspacewaterproofing.ca/services/sump-pump-installation-toronto/,0,172,0%,73.78
https://dryspacewaterproofing.ca/services/french-drain-installation-near-me/,0,170,0%,60.7
https://dryspacewaterproofing.ca/locations/north-york-basement-waterproofing,0,166,0%,34.51
https://dryspacewaterproofing.ca/tools/waterproofing-cost-calculator/,0,163,0%,34.52
https://dryspacewaterproofing.ca/services/leaky-basement-repair/,0,156,0%,65.86
https://dryspacewaterproofing.ca/locations/north-york-basement-waterproofing/,0,152,0%,43.41
https://dryspacewaterproofing.ca/services/foundation-crack-repair,0,152,0%,51.56
https://dryspacewaterproofing.ca/locations/sump-pump-installation-scarborough/,0,150,0%,71.91
https://dryspacewaterproofing.ca/locations/vaughan-foundation-repair/,0,149,0%,47.01
https://dryspacewaterproofing.ca/services/drainage-solutions/,0,148,0%,68.69
https://dryspacewaterproofing.ca/locations/richmond-hill-basement-drainage-systems/,0,146,0%,67.82
https://dryspacewaterproofing.ca/guides/summer-foundation-maintenance-guide,0,143,0%,45.51
https://dryspacewaterproofing.ca/locations/burlington-sump-pump-installation/,0,142,0%,59.06
https://dryspacewaterproofing.ca/locations/mississauga-basement-waterproofing,0,141,0%,51.84
https://dryspacewaterproofing.ca/locations/richmond-hill-basement-waterproofing/,0,137,0%,37.34
https://dryspacewaterproofing.ca/services/window-well-installation/,0,133,0%,61.77
https://dryspacewaterproofing.ca/services/sump-pump-installation/,0,132,0%,57.34
https://dryspacewaterproofing.ca/locations/richmond-hill-sump-pump-installation/,0,130,0%,44.89
https://dryspacewaterproofing.ca/services/basement-underpinning/,0,130,0%,62.55
https://dryspacewaterproofing.ca/locations/scarborough-sump-pump-installation/,0,130,0%,62.93
https://dryspacewaterproofing.ca/services/foundation-waterproofing-near-me/,0,130,0%,84.16
https://dryspacewaterproofing.ca/services/foundation-repair-company/,0,125,0%,70.02
https://dryspacewaterproofing.ca/locations/vaughan-french-drain-installation/,0,123,0%,38.59
https://dryspacewaterproofing.ca/locations/oakville-sump-pump-installation/,0,122,0%,52.98
https://dryspacewaterproofing.ca/services/emergency-sump-pump-repair/,0,119,0%,63.49
https://dryspacewaterproofing.ca/locations/brampton-sump-pump-installation/,0,118,0%,66.58
https://dryspacewaterproofing.ca/services/sump-pump-diy-installation/,0,116,0%,46.72
https://www.dryspacewaterproofing.ca/demolition-services.html,0,114,0%,62.03
https://dryspacewaterproofing.ca/services/cost-to-waterproof-foundation/,0,105,0%,45.96
https://dryspacewaterproofing.ca/blog/diy-sump-pump-replacement-guide-toronto,0,101,0%,12.38
https://dryspacewaterproofing.ca/locations/oakville-foundation-leak-repair/,0,101,0%,62.3
https://dryspacewaterproofing.ca/locations/brampton-basement-waterproofing/,0,100,0%,43.62
https://dryspacewaterproofing.ca/guides/water-leaking-into-basement-after-heavy-rain/,0,100,0%,52
https://dryspacewaterproofing.ca/locations/vaughan-sump-pump-installation/,0,100,0%,64.69
https://dryspacewaterproofing.ca/guides/how-to-fix-foundation-leak/,0,100,0%,67.02
https://dryspacewaterproofing.ca/locations/north-york-waterproofing/,0,95,0%,42.19
https://dryspacewaterproofing.ca/services/weeping-tile-installation/,0,94,0%,51.73
https://dryspacewaterproofing.ca/index.html,0,94,0%,81.65
https://dryspacewaterproofing.ca/locations/newmarket-foundation-repair/,0,93,0%,49.49
https://www.dryspacewaterproofing.ca/cost-calculator.html,0,92,0%,30.66
https://www.dryspacewaterproofing.ca/oakville-waterproofing.html,0,91,0%,58.26
https://dryspacewaterproofing.ca/locations/mississauga-sump-pump-installation/,0,90,0%,63.51
https://dryspacewaterproofing.ca/services/concrete-works/,0,89,0%,73.64
https://dryspacewaterproofing.ca/services/drainage-grading/,0,86,0%,46.64
https://dryspacewaterproofing.ca/locations/oakville-basement-waterproofing,0,86,0%,75.4
https://dryspacewaterproofing.ca/waterproofing-rebates-2025/,0,81,0%,22
https://dryspacewaterproofing.ca/locations/scarborough-basement-waterproofing/,0,81,0%,56.85
https://dryspacewaterproofing.ca/locations/burlington-basement-waterproofing/,0,81,0%,69.23
https://dryspacewaterproofing.ca/locations/burlington-foundation-repair/,0,79,0%,58.11
https://dryspacewaterproofing.ca/locations/east-york-waterproofing/,0,75,0%,26.24
https://dryspacewaterproofing.ca/services/commercial-waterproofing/,0,75,0%,51.55
https://dryspacewaterproofing.ca/locations/basement-renovations-etobicoke/,0,73,0%,63.25
https://dryspacewaterproofing.ca/locations/north-york-basement-leak-repair/,0,72,0%,58.08
https://dryspacewaterproofing.ca/guides/best-basement-waterproofing-method/,0,70,0%,45.8
https://dryspacewaterproofing.ca/sump-pump-installation.html,0,69,0%,71.12
https://dryspacewaterproofing.ca/guides/basement-flooding-after-rain-prevention,0,67,0%,60.93
https://dryspacewaterproofing.ca/guides/types-of-basement-floor-drains/,0,67,0%,67.58
https://dryspacewaterproofing.ca/guides/basement-flooding-after-rain-prevention/,0,67,0%,67.61
https://dryspacewaterproofing.ca/locations/etobicoke-foundation-repair/,0,66,0%,37.38
https://dryspacewaterproofing.ca/emergency-services.html,0,65,0%,90.09
https://dryspacewaterproofing.ca/locations/scarborough-sump-pump-repair/,0,64,0%,70.69
https://dryspacewaterproofing.ca/locations/north-york-sump-pump-installation/,0,62,0%,33.45
https://dryspacewaterproofing.ca/guides/toronto-neighborhoods-waterproofing-guide,0,62,0%,71.26
https://dryspacewaterproofing.ca/services/sump-pump-installation-toronto,0,60,0%,72.98
https://dryspacewaterproofing.ca/locations/etobicoke-waterproofing/,0,57,0%,61.23
https://www.dryspacewaterproofing.ca/foundation-cracks-repair.html,0,57,0%,67.6
https://dryspacewaterproofing.ca/locations/brampton-foundation-repair/,0,56,0%,35.09
https://dryspacewaterproofing.ca/services/sump-pump-vs-sewage-pump/,0,56,0%,88.27
https://dryspacewaterproofing.ca/services/foundation-specialists/,0,54,0%,53.61
https://dryspacewaterproofing.ca/contact/,0,54,0%,67.98
https://dryspacewaterproofing.ca/guides/toronto-seasonal-foundation-inspection-checklist/,0,53,0%,32.13
https://dryspacewaterproofing.ca/services/weeping-tile-installation,0,53,0%,38.68
https://dryspacewaterproofing.ca/services/basement-leak-repair,0,53,0%,60.81
https://dryspacewaterproofing.ca/compare/dryspace-vs-direct-waterproofing/,0,50,0%,41.48
https://dryspacewaterproofing.ca/guides/foundation-waterproofing-membrane-guide/,0,50,0%,49.68
https://dryspacewaterproofing.ca/interior-waterproofing.html,0,48,0%,77.25
https://dryspacewaterproofing.ca/guides/foundation-drain-placement-waterproofing,0,47,0%,50.53
https://dryspacewaterproofing.ca/guides/foundation-waterproofing-product-comparison,0,42,0%,25.64
https://dryspacewaterproofing.ca/guides/summer-foundation-maintenance-guide/,0,41,0%,40.78
https://dryspacewaterproofing.ca/guides/waterproofing-concrete-block-walls/,0,39,0%,21.41
https://dryspacewaterproofing.ca/services/slab-foundation/,0,39,0%,41.77
https://dryspacewaterproofing.ca/emergency/,0,38,0%,14.68
https://dryspacewaterproofing.ca/blog/basement-waterproofing-products.html,0,38,0%,57.61
https://dryspacewaterproofing.ca/services/basement-lowering,0,38,0%,75.42
https://dryspacewaterproofing.ca/guides/summer-storm-basement-flooding-prevention/,0,36,0%,8.75
https://dryspacewaterproofing.ca/compare/dryspace-vs-rcc-waterproofing/,0,36,0%,36.53
https://dryspacewaterproofing.ca/guides/best-basement-waterproofing-method,0,35,0%,40.94
https://dryspacewaterproofing.ca/locations/sump-pump-installation-hamilton/,0,35,0%,60.83
https://dryspacewaterproofing.ca/guides/toronto-spring-basement-protection-handbook-2025,0,34,0%,16.53
https://dryspacewaterproofing.ca/guides/exterior-foundation-waterproofing-insulation-layering,0,33,0%,18.97
https://dryspacewaterproofing.ca/guides/toronto-building-code-basement-waterproofing/,0,33,0%,20.45
https://dryspacewaterproofing.ca/locations/ajax-basement-waterproofing,0,32,0%,49
https://dryspacewaterproofing.ca/locations/scarborough-basement-waterproofing,0,32,0%,52.56
https://dryspacewaterproofing.ca/guides/how-to-stop-water-coming-through-basement-walls/,0,31,0%,67.23
https://www.dryspacewaterproofing.ca/basement-flooding-solutions.html,0,31,0%,83
https://dryspacewaterproofing.ca/guides/waterproofing-textured-cmu-foundations,0,30,0%,56.17
https://dryspacewaterproofing.ca/services/emergency-waterproofing/,0,29,0%,21.45
https://dryspacewaterproofing.ca/guides/types-of-basement-floor-drains,0,29,0%,49.55
https://dryspacewaterproofing.ca/locations/scarborough-waterproofing/,0,29,0%,71.59
https://dryspacewaterproofing.ca/gallery,0,29,0%,79.21
https://dryspacewaterproofing.ca/blog/diy-sump-pump-replacement-guide-toronto/,0,26,0%,26.88
https://dryspacewaterproofing.ca/guides/basement-slab-vapor-barrier-placement,0,26,0%,46.08
https://dryspacewaterproofing.ca/services/foundation-settlement-repair/,0,26,0%,59.77
https://dryspacewaterproofing.ca/blog/basement-underpinning-benefits.html,0,26,0%,78.69
https://dryspacewaterproofing.ca/foundation-repair.html,0,25,0%,70.52
https://dryspacewaterproofing.ca/services/emergency-basement-waterproofing-24-7/,0,24,0%,35.88
https://dryspacewaterproofing.ca/services/legal-basement/,0,24,0%,73.71
https://dryspacewaterproofing.ca/locations/markham-basement-waterproofing,0,23,0%,34.7
https://dryspacewaterproofing.ca/faq/,0,23,0%,44.78
https://www.dryspacewaterproofing.ca/emergency-basement-flooding.html,0,23,0%,64.43
https://dryspacewaterproofing.ca/guides/seasonal-foundation-maintenance,0,22,0%,50.77
https://dryspacewaterproofing.ca/locations/downtown-toronto-waterproofing/,0,22,0%,66.82
https://dryspacewaterproofing.ca/guides/toronto-spring-basement-protection-handbook-2025/,0,21,0%,16.33
https://www.dryspacewaterproofing.ca/testimonials.html,0,21,0%,22.67
https://dryspacewaterproofing.ca/emergency,0,20,0%,10.35
https://dryspacewaterproofing.ca/guides/foundation-waterproofing-membrane-guide,0,19,0%,27.89
https://dryspacewaterproofing.ca/guides/waterproofing-textured-cmu-foundations/,0,19,0%,48
https://www.dryspacewaterproofing.ca/blog/winter-waterproofing-checklist.html,0,19,0%,57.37
https://dryspacewaterproofing.ca/locations/efflorescence-removal-north-york/,0,18,0%,67.89
https://dryspacewaterproofing.ca/about/,0,17,0%,84.59
https://dryspacewaterproofing.ca/guides/foundation-problems,0,16,0%,61.5
https://dryspacewaterproofing.ca/locations/burlington-basement-waterproofing,0,16,0%,73.19
https://www.dryspacewaterproofing.ca/blog/sump-pump-maintenance-tips.html,0,16,0%,73.31
https://dryspacewaterproofing.ca/blog/sump-pump-maintenance-tips.html,0,16,0%,79.5
https://dryspacewaterproofing.ca/resources/maintenance-guide/,0,15,0%,28.2
https://dryspacewaterproofing.ca/guides/toronto-seasonal-foundation-inspection-checklist,0,15,0%,37.13
https://dryspacewaterproofing.ca/guides/triple-brick-foundation-retrofit,0,15,0%,71.8
https://www.dryspacewaterproofing.ca/video-testimonials.html,0,14,0%,38.93
https://dryspacewaterproofing.ca/guides/basement-waterproofing-insulation-existing-homes/,0,14,0%,45.21
https://www.dryspacewaterproofing.ca/blog/foundation-drainage-basics.html,0,14,0%,82.29
https://dryspacewaterproofing.ca/guides/warning-signs-basement-needs-waterproofing,0,13,0%,14.62
https://dryspacewaterproofing.ca/locations/toronto-emergency-waterproofing/,0,13,0%,33.85
https://dryspacewaterproofing.ca/guides/diy-vs-professional-waterproofing,0,13,0%,34.46
https://dryspacewaterproofing.ca/guides/foundation-drain-placement-waterproofing/,0,13,0%,41.69
https://dryspacewaterproofing.ca/guides/gta-soil-types-foundation-drainage/,0,12,0%,21.5
https://dryspacewaterproofing.ca/guides/basement-waterproofing-warranty-guide/,0,12,0%,29.17
https://dryspacewaterproofing.ca/guides/waterproofing-insurance-claims/,0,12,0%,43.5
https://www.dryspacewaterproofing.ca/blog/crawl-space-moisture-solutions.html,0,12,0%,49.5
https://dryspacewaterproofing.ca/guides/triple-brick-foundation-retrofit/,0,12,0%,74.08
https://dryspacewaterproofing.ca/services/historic-home-waterproofing/,0,11,0%,27.18
https://dryspacewaterproofing.ca/guides/basement-waterproofing-warranty-guide,0,11,0%,37.27
https://dryspacewaterproofing.ca/commercial,0,11,0%,40.64
https://dryspacewaterproofing.ca/guides/icf-foundation-bedrock-waterproofing/,0,11,0%,42.09
https://dryspacewaterproofing.ca/services/dimpled-membrane-waterproofing/,0,11,0%,44.73
https://dryspacewaterproofing.ca/blog/foundation-drainage-basics.html,0,11,0%,82.09
https://www.dryspacewaterproofing.ca/blog/spring-basement-flooding-prevention.html,0,10,0%,13.6
https://dryspacewaterproofing.ca/guides/summer-storm-basement-flooding-prevention,0,10,0%,14.9
https://dryspacewaterproofing.ca/services/wall-reinforcement/,0,10,0%,31.5
https://dryspacewaterproofing.ca/services/basement-efflorescence-treatment/,0,10,0%,38.5
https://dryspacewaterproofing.ca/services/,0,10,0%,44.4
https://dryspacewaterproofing.ca/mold-remediation.html,0,10,0%,70.8
https://dryspacewaterproofing.ca/guides/spring-foundation-maintenance-guide,0,10,0%,82.1
https://www.dryspacewaterproofing.ca/blog/emergency-water-removal.html,0,10,0%,87.6
https://dryspacewaterproofing.ca/guides/dangers-of-basement-water-damage,0,9,0%,24.56
https://dryspacewaterproofing.ca/services/french-drain-vs-weeping-tile/,0,9,0%,27.89
https://dryspacewaterproofing.ca/guides/toronto-concrete-foundation-moisture-management,0,9,0%,69.33
https://www.dryspacewaterproofing.ca/blog/basement-underpinning-benefits.html,0,9,0%,88.11
https://dryspacewaterproofing.ca/guides/foundation-problems/,0,8,0%,31
https://dryspacewaterproofing.ca/guides/century-home-basement-retrofit-waterproofing/,0,8,0%,48.12
https://dryspacewaterproofing.ca/guides/century-home-basement-retrofit-waterproofing,0,8,0%,59.5
https://dryspacewaterproofing.ca/guides/chemical-sensitive-foundation-waterproofing/,0,8,0%,61.5
https://dryspacewaterproofing.ca/services/service-areas/,0,8,0%,66.5
https://dryspacewaterproofing.ca/services/pump-systems/,0,8,0%,81.88
https://dryspacewaterproofing.ca/guides/water-leaking-into-basement-after-heavy-rain,0,7,0%,10.86
https://dryspacewaterproofing.ca/commercial/,0,7,0%,56.57
https://dryspacewaterproofing.ca/services/basement-lowering/,0,7,0%,59.43
https://dryspacewaterproofing.ca/guides/seasonal-waterproofing-preparation,0,7,0%,76.86
https://dryspacewaterproofing.ca/guides/seasonal-waterproofing-preparation/,0,6,0%,20.67
https://dryspacewaterproofing.ca/guides/combination-waterproofing-strategies-foundation/,0,6,0%,28.83
https://dryspacewaterproofing.ca/guides/basement-waterproofing-insulation-existing-homes,0,6,0%,34.17
https://www.dryspacewaterproofing.ca/wall-reinforcement,0,4,0%,20.75
https://dryspacewaterproofing.ca/guides/toronto-neighborhoods-waterproofing-guide/,0,4,0%,28.75
https://dryspacewaterproofing.ca/guides/chemical-sensitive-foundation-waterproofing,0,4,0%,30.5
https://dryspacewaterproofing.ca/guides/waterproofing-vs-dampproofing-builder-concerns,0,4,0%,38.25
https://www.dryspacewaterproofing.ca/case-studies.html,0,4,0%,46.5
https://dryspacewaterproofing.ca/reviews,0,4,0%,50.75
https://dryspacewaterproofing.ca/guides/diy-vs-professional-waterproofing/,0,4,0%,52.25
https://dryspacewaterproofing.ca/blog/complete-basement-waterproofing-guide-toronto,0,4,0%,53.25
https://dryspacewaterproofing.ca/concrete-services.html,0,4,0%,64.5
https://dryspacewaterproofing.ca/services/how-much-to-waterproof-basement/,0,4,0%,66.25
https://dryspacewaterproofing.ca/services/waterproofing-solutions/,0,4,0%,67.5
https://dryspacewaterproofing.ca/blog/crawl-space-moisture-solutions.html,0,4,0%,72
https://dryspacewaterproofing.ca/guides/basement-moisture-waterproofing-decisions,0,4,0%,85
https://dryspacewaterproofing.ca/reviews/,0,3,0%,26.67
https://dryspacewaterproofing.ca/guides/combination-waterproofing-strategies-foundation,0,3,0%,44
https://dryspacewaterproofing.ca/guides/double-sided-foundation-waterproofing-concerns/,0,3,0%,59.67
https://dryspacewaterproofing.ca/gallery/,0,3,0%,77
https://dryspacewaterproofing.ca/resources/maintenance-guide,0,2,0%,2.5
https://www.dryspacewaterproofing.ca/blog/exterior-grading-tips.html,0,2,0%,5
https://www.dryspacewaterproofing.ca/blog/basement-renovation-waterproofing.html,0,2,0%,6
https://dryspacewaterproofing.ca/guides/dangers-of-basement-water-damage/,0,2,0%,9.5
https://dryspacewaterproofing.ca/compare/why-choose-dryspace/,0,2,0%,22
https://dryspacewaterproofing.ca/guides,0,2,0%,23
https://www.dryspacewaterproofing.ca/blog/waterproofing-mistakes.html,0,2,0%,29.5
https://dryspacewaterproofing.ca/guides/interior-vs-exterior-waterproofing/,0,2,0%,31.5
https://dryspacewaterproofing.ca/blog/complete-basement-waterproofing-guide-toronto/,0,2,0%,32.5
https://dryspacewaterproofing.ca/blog/exterior-grading-tips.html,0,2,0%,43
https://dryspacewaterproofing.ca/services/foundation-crack-types/,0,2,0%,44.5
https://dryspacewaterproofing.ca/guides/fall-foundation-maintenance-guide/,0,2,0%,53.5
https://dryspacewaterproofing.ca/guides/interior-vs-exterior-waterproofing,0,2,0%,54
https://dryspacewaterproofing.ca/guides/waterproofing-insurance-claims,0,2,0%,79.5
https://dryspacewaterproofing.ca/guides/basement-moisture-waterproofing-decisions/,0,2,0%,82.5
https://dryspacewaterproofing.ca/guides/winter-foundation-maintenance-guide/,0,2,0%,87
https://dryspacewaterproofing.ca/blog/emergency-water-removal.html,0,2,0%,95
https://dryspacewaterproofing.ca/basement-renovation.html,0,2,0%,131.5
https://dryspacewaterproofing.ca/process,0,1,0%,8
https://www.dryspacewaterproofing.ca/blog/spring-thaw-survival-guide.html,0,1,0%,8
https://dryspacewaterproofing.ca/process/,0,1,0%,10
https://www.dryspacewaterproofing.ca/winter-basement-preparation.html,0,1,0%,16
https://dryspacewaterproofing.ca/guides/waterproofing-vs-dampproofing-builder-concerns/,0,1,0%,62
https://dryspacewaterproofing.ca/faq,0,1,0%,64
https://dryspacewaterproofing.ca/guides/toronto-concrete-foundation-moisture-management/,0,1,0%,87
https://www.dryspacewaterproofing.ca/spring-basement-flooding.html,0,1,0%,89
https://www.dryspacewaterproofing.ca/leave-review.html,0,1,0%,95